method,answer_token_f1,citation_rate,faithfulness,hallucination_proxy_rate,retrieval_mrr,retrieval_recall_at_1,retrieval_recall_at_3,retrieval_recall_at_5
baseline_llm_no_retrieval,0.010731520280691385,0.0,0.0,1.0,0.0,0.0,0.0,0.0
standard_rag,0.0383889025236045,1.0,0.7687847661933481,0.23121523380665182,0.05722222222222222,0.04666666666666667,0.06666666666666667,0.07333333333333333
reranked_rag,0.035719360922662695,1.0,0.7906923896692603,0.20930761033073972,0.055,0.04666666666666667,0.06,0.06666666666666667
