{
  "baseline_llm_no_retrieval": {
    "answer_token_f1": 0.010731520280691385,
    "faithfulness": 0.0,
    "hallucination_proxy_rate": 1.0,
    "citation_rate": 0.0
  },
  "standard_rag": {
    "answer_token_f1": 0.0383889025236045,
    "faithfulness": 0.7687847661933481,
    "hallucination_proxy_rate": 0.23121523380665182,
    "citation_rate": 1.0,
    "retrieval_recall_at_1": 0.04666666666666667,
    "retrieval_recall_at_3": 0.06666666666666667,
    "retrieval_recall_at_5": 0.07333333333333333,
    "retrieval_mrr": 0.05722222222222222
  },
  "reranked_rag": {
    "answer_token_f1": 0.035719360922662695,
    "faithfulness": 0.7906923896692603,
    "hallucination_proxy_rate": 0.20930761033073972,
    "citation_rate": 1.0,
    "retrieval_recall_at_1": 0.04666666666666667,
    "retrieval_recall_at_3": 0.06,
    "retrieval_recall_at_5": 0.06666666666666667,
    "retrieval_mrr": 0.055
  }
}