{
  "baseline_llm_no_retrieval": {
    "answer_token_f1": 0.00758854975035906,
    "faithfulness": 0.0,
    "hallucination_proxy_rate": 1.0,
    "citation_rate": 0.0
  },
  "standard_rag": {
    "answer_token_f1": 0.03228322047550915,
    "faithfulness": 0.7513716749591026,
    "hallucination_proxy_rate": 0.24862832504089738,
    "citation_rate": 1.0,
    "retrieval_recall_at_1": 0.02,
    "retrieval_recall_at_3": 0.02,
    "retrieval_recall_at_5": 0.02,
    "retrieval_mrr": 0.02
  },
  "reranked_rag": {
    "answer_token_f1": 0.03271394337839228,
    "faithfulness": 0.7876120006604589,
    "hallucination_proxy_rate": 0.21238799933954122,
    "citation_rate": 1.0,
    "retrieval_recall_at_1": 0.02,
    "retrieval_recall_at_3": 0.04,
    "retrieval_recall_at_5": 0.04,
    "retrieval_mrr": 0.03
  }
}