method,answer_token_f1,citation_rate,faithfulness,hallucination_proxy_rate,retrieval_mrr,retrieval_recall_at_1,retrieval_recall_at_3,retrieval_recall_at_5
baseline_llm_no_retrieval,0.0388465965180177,0.0,0.0,1.0,0.0,0.0,0.0,0.0
standard_rag,0.054055936981511205,1.0,0.7729757572432986,0.2270242427567015,0.05106666666666666,0.034,0.064,0.088
reranked_rag,0.05521305767722927,1.0,0.7779285510227899,0.22207144897721015,0.0475,0.034,0.052,0.08
