method,answer_token_f1,citation_rate,faithfulness,hallucination_proxy_rate,retrieval_mrr,retrieval_recall_at_1,retrieval_recall_at_3,retrieval_recall_at_5
baseline_llm_no_retrieval,0.04047587443239237,0.0,0.0,1.0,0.0,0.0,0.0,0.0
standard_rag,0.05818576922325389,1.0,0.7778653178732968,0.22213468212670306,0.04699999999999999,0.03,0.06,0.09
reranked_rag,0.06545753853359658,1.0,0.7677298494826179,0.23227015051738195,0.12833333333333333,0.1,0.17,0.17
